centre_name,official_name,address,neighbourhood,curriculum,religious_orientation,language_medium,scale,fee_fullday_raw,verification_note,enrichment_date
Tinka Kindergarten,Tinka Kindergarten,[Inferred Landmark] Operates in Other vicinity,Other,[Inferred] Islamic,[Inferred] Islamic,[Inferred] Bahasa Malaysia,[Inferred] Small,RM 500 - RM 800 [Inferred],No address provided,2026-04-02 14:09:58
Tadika Seri Matahari,Tadika Seri Matahari,[Inferred Landmark] Operates in Other vicinity,Other,[Inferred] Islamic,[Inferred] Muslim-centric,[Inferred] Bahasa Malaysia,[Inferred] Small,"RM 500 - RM 800 [Inferred] (Bukit Jelutong zone, Tadika center type)",No address provided,2026-04-02 14:10:05
Cubs Education Group,Cubs Education Group,[Inferred Landmark] Operates in Other vicinity,Other,[Inferred] Islamic,[Inferred] Islamic,[Inferred] Bahasa Malaysia,[Inferred] Small,RM 500 - RM 800 [Inferred],No address provided,2026-04-02 14:10:12
Ace Arrows Kindergarten (Tadika Panah Cemerlang),Ace Arrows Kindergarten (Tadika Panah Cemerlang),[Inferred Landmark] Operates in Other vicinity,Other,[Inferred] Islamic,[Inferred] Islamic,[Inferred] Bahasa Malaysia,[Inferred] Small,RM 500 - RM 800 [Inferred],No address provided,2026-04-02 14:10:19
Mahir Dhuha International Islamic Preschool -,Mahir Dhuha International Islamic Preschool -,[Inferred Landmark] Operates in Other vicinity,Other,[Inferred] Islamic,[Inferred] Islamic,[Inferred] Bahasa Malaysia,[Inferred] Small,[Inferred] RM 500 - RM 800 per month,No address provided,2026-04-02 14:10:27
Tadika Little Oak Tree,Tadika Little Oak Tree,[Inferred Landmark] Operates in Other vicinity,Other,[Inferred] Montessori,[Inferred] Islamic,[Inferred] Bahasa Malaysia,[Inferred] Small,"RM 500 - RM 800 [Inferred] (Bukit Jelutong zone, Montessori curriculum)",No address provided,2026-04-02 14:10:37
Ace Arrows Kindergarten,Ace Arrows Kindergarten,[Inferred Landmark] Operates in Other vicinity,Other,[Inferred] Islamic,[Inferred] Islamic,[Inferred] Bahasa Malaysia,[Inferred] Small,"RM 800 - RM 1,200 [Inferred]",No address provided,2026-04-02 14:10:45
Alimkids,Alimkids,[Inferred Landmark] Operates in Other vicinity,Other,[Inferred] Islamic,[Inferred] Islamic,[Inferred] Bahasa Malaysia,[Inferred] Small,RM 500 - RM 800 [Inferred],No address provided,2026-04-02 14:10:52
Pusat Bandar Puchong Kindergarten,Pusat Bandar Puchong Kindergarten,[Inferred Landmark] Operates in Other vicinity,Other,[Inferred] Islamic,[Inferred] Muslim,[Inferred] Bahasa Malaysia,[Inferred] Small,RM 500 - RM 800 [Inferred],No address provided,2026-04-02 14:10:58
Keedsflix Preschool,Keedsflix Preschool,[Inferred Landmark] Operates in Other vicinity,Other,[Inferred] Islamic,[Inferred] Islamic,[Inferred] Bahasa Malaysia,[Inferred] Small,"RM 800 - RM 1,200 [Inferred]",No address provided,2026-04-02 14:11:06
Tadika J&J,Tadika J&J,[Inferred Landmark] Operates in Other vicinity,Other,[Inferred] Islamic,[Inferred] Muslim,[Inferred] Bahasa Malaysia,[Inferred] Small,"RM 500 - RM 800 [Inferred] (Bukit Jelutong zone, small center type)",No address provided,2026-04-02 14:11:13
Real Kids,Real Kids,[Inferred Landmark] Operates in Other vicinity,Other,[Inferred] Islamic,[Inferred] Islamic,[Inferred] Bahasa Malaysia,[Inferred] Small,RM 500 - RM 800 [Inferred],No address provided,2026-04-02 14:11:21
Bahtera Multiple Intelligence Preschool -,Bahtera Multiple Intelligence Preschool -,[Inferred Landmark] Operates in Other vicinity,Other,[Inferred] Islamic,[Inferred] Islamic,[Inferred] Bahasa Malaysia,[Inferred] Small,RM 500 - RM 800 [Inferred],No address provided,2026-04-02 14:11:28
Tadika Brainy House,Tadika Brainy House,[Inferred Landmark] Operates in Other vicinity,Other,[Inferred] Islamic,[Inferred] Islamic,[Inferred] Bahasa Malaysia,[Inferred] Small,RM 500 - RM 800 [Inferred],No address provided,2026-04-02 14:11:36
Bahtera Multiple Intelligence Preschool & Childcare Centre,Bahtera Multiple Intelligence Preschool & Childcare Centre,[Inferred Landmark] Operates in Other vicinity,Other,[Inferred] Islamic,[Inferred] Islamic,[Inferred] Bahasa Malaysia,[Inferred] Small,"RM 800 - RM 1,200 [Inferred]",No address provided,2026-04-02 14:11:43
Taska Little Sujood,Taska Little Sujood,[Inferred Landmark] Operates in Other vicinity,Other,[Inferred] Islamic,[Inferred] Islamic,[Inferred] Bahasa Malaysia,[Inferred] Small,[Inferred] RM 150 - RM 250 per month,No address provided,2026-04-02 14:11:52
Pusat Jagaan Setia Meru,Pusat Jagaan Setia Meru,[Inferred Landmark] Operates in Other vicinity,Other,[Inferred] Islamic,[Inferred] Islamic,[Inferred] Bahasa Malaysia,[Inferred] Small,[Inferred] RM 150 - RM 300 per month,No address provided,2026-04-02 14:11:59
Pusat Jagaan,Pusat Jagaan,[Inferred Landmark] Operates in Other vicinity,Other,[Inferred] Islamic,[Inferred] Islamic,[Inferred] Bahasa Malaysia,[Inferred] Small,[Inferred] RM 500 - RM 800 per month,No address provided,2026-04-02 14:12:09
Pusat Jagaan Pelangi Indah X 75,Pusat Jagaan Pelangi Indah X 75,[Inferred Landmark] Operates in Other vicinity,Other,[Inferred] Islamic,[Inferred] Islamic,[Inferred] Bahasa Malaysia,[Inferred] Small,RM 500 - RM 800 [Inferred],No address provided,2026-04-02 14:12:18
Pusat Jagaan Setia Ceria,Pusat Jagaan Setia Ceria,[Inferred Landmark] Operates in Other vicinity,Other,[Inferred] Islamic,[Inferred] Islamic,[Inferred] Bahasa Malaysia,[Inferred] Small,RM 500 - RM 800 [Inferred],No address provided,2026-04-02 14:12:27
Tadika Setia Meru,Tadika Setia Meru,[Inferred Landmark] Operates in Other vicinity,Other,[Inferred] Islamic,[Inferred] Islamic,[Inferred] Bahasa Malaysia,[Inferred] Small,RM 500 - RM 800 [Inferred] (based on Setia Alam zone and center type),No address provided,2026-04-02 14:12:36
Kizzu Kids,Kizzu Kids,[Inferred Landmark] Operates in Other vicinity,Other,[Inferred] KEMAS,[Inferred] Islamic,[Inferred] Bahasa Malaysia,[Inferred] Small,[Inferred] RM 500 - RM 800 per month,No address provided,2026-04-02 14:12:45
Tadika Kiddie Cloud,Tadika Kiddie Cloud,[Inferred Landmark] Operates in Other vicinity,Other,[Inferred] Islamic,[Inferred] Islamic,[Inferred] Bahasa Malaysia,[Inferred] Small,RM 500 - RM 800 [Inferred],No address provided,2026-04-02 14:12:54
Tadika Kanak Kanak Ceria,Tadika Kanak Kanak Ceria,[Inferred Landmark] Operates in Other vicinity,Other,[Inferred] Islamic,[Inferred] Islamic,[Inferred] Bahasa Malaysia,[Inferred] Small,"RM 500 - RM 800 [Inferred] (Setia Alam is a residential area with many family-friendly amenities, suggesting a smaller scale and lower fees)",No address provided,2026-04-02 14:13:02
Tadika Al Baghdadi (Tab),Tadika Al Baghdadi (Tab),[Inferred Landmark] Operates in Other vicinity,Other,[Inferred] Islamic,[Inferred] Islamic,[Inferred] Bahasa Malaysia,[Inferred] Small,RM 500 - RM 800 [Inferred],No address provided,2026-04-02 14:13:11
Tadika Ding Dong Bell,Tadika Ding Dong Bell,[Inferred Landmark] Operates in Other vicinity,Other,[Inferred] Islamic,[Inferred] Muslim,[Inferred] Bahasa Malaysia,[Inferred] Small,RM 150 - RM 250 [Inferred],No address provided,2026-04-02 14:13:19
Kiddy Hive Early Learning Centre,Kiddy Hive Early Learning Centre,[Inferred Landmark] Operates in Other vicinity,Other,[Inferred] Islamic,[Inferred] Islamic,[Inferred] Bahasa Malaysia,[Inferred] Small,"RM 800 - RM 1,200 [Inferred]",No address provided,2026-04-02 14:13:27
Tadika Kasih Setia,Tadika Kasih Setia,[Inferred Landmark] Operates in Other vicinity,Other,[Inferred] Islamic,[Inferred] Islamic,[Inferred] Bahasa Malaysia,[Inferred] Small,RM 500 - RM 800 [Inferred],No address provided,2026-04-02 14:13:35
Kidstime  Playschool & Preschool,Kidstime  Playschool & Preschool,[Inferred Landmark] Operates in Other vicinity,Other,[Inferred] Islamic,[Inferred] Islamic,[Inferred] Bahasa Malaysia,[Inferred] Small,RM 500 - RM 800 [Inferred],No address provided,2026-04-02 14:13:44
Taska Fantasia Alam,Taska Fantasia Alam,[Inferred Landmark] Operates in Other vicinity,Other,[Inferred] Islamic,[Inferred] Islamic,[Inferred] Bahasa Malaysia,[Inferred] Small,RM 150 - RM 250 [Inferred],No address provided,2026-04-02 14:13:50
Tadika Kawan,Tadika Kawan,[Inferred Landmark] Operates in Other vicinity,Other,[Inferred] Islamic,[Inferred] Muslim,[Inferred] Bahasa Malaysia,[Inferred] Small,RM 150 - RM 250 [Inferred],No address provided,2026-04-02 14:13:57
Taska Nurin,Taska Nurin,[Inferred Landmark] Operates in Other vicinity,Other,[Inferred] Islamic,[Inferred] Islamic,[Inferred] Bahasa Malaysia,[Inferred] Small,RM 500 - RM 800 [Inferred],No address provided,2026-04-02 14:14:04
Eduwis Preschool,Eduwis Preschool,[Inferred Landmark] Operates in Other vicinity,Other,[Inferred] Islamic,[Inferred] Islamic,[Inferred] Bahasa Malaysia,[Inferred] Small,RM 500 - RM 800 [Inferred],No address provided,2026-04-02 14:14:13
The Children's House Montessori,The Children's House Montessori,[Inferred Landmark] Operates in Other vicinity,Other,[Inferred] Montessori,[Inferred] Islamic,[Inferred] English,[Inferred] Small,"[Inferred] RM 800 - RM 1,200",No address provided,2026-04-02 14:14:21
Tadika San Lorenzo,Tadika San Lorenzo,[Inferred Landmark] Operates in Other vicinity,Other,[Inferred] Islamic,[Inferred] Islamic,[Inferred] Bahasa Malaysia,[Inferred] Small,RM 150 - RM 250 [Inferred],No address provided,2026-04-02 14:14:29
Tadika Primrose Hill,Tadika Primrose Hill,[Inferred Landmark] Operates in Other vicinity,Other,[Inferred] Islamic,[Inferred] Muslim-centric,[Inferred] Bahasa Malaysia,[Inferred] Small,"RM 500 - RM 800 [Inferred] (Zone U8 Shah Alam, Center type: Tadika)",No address provided,2026-04-02 14:14:37
Genius Kids Preschool,Genius Kids Preschool,[Inferred Landmark] Operates in Other vicinity,Other,[Inferred] Islamic,[Inferred] Islamic,[Inferred] Bahasa Malaysia,[Inferred] Small,"RM 800 - RM 1,200 [Inferred]",No address provided,2026-04-02 14:14:45
Genius Kids' Land Preschool,Genius Kids' Land Preschool,[Inferred Landmark] Operates in Other vicinity,Other,[Inferred] Islamic,[Inferred] Islamic,[Inferred] Bahasa Malaysia,[Inferred] Small,RM 500 - RM 800 [Inferred],No address provided,2026-04-02 14:14:55
My Little Preschool,My Little Preschool,[Inferred Landmark] Operates in Other vicinity,Other,[Inferred] Islamic,[Inferred] Islamic,[Inferred] Bahasa Malaysia,[Inferred] Small,RM 500 - RM 800 [Inferred],No address provided,2026-04-02 14:15:03
Real Kids Setia,Real Kids Setia,[Inferred Landmark] Operates in Other vicinity,Other,[Inferred] Islamic,[Inferred] Islamic,[Inferred] Bahasa Malaysia,[Inferred] Small,RM 500 - RM 800 [Inferred],No address provided,2026-04-02 14:15:11
Taska Dawid & Amra (),Taska Dawid & Amra (),[Inferred Landmark] Operates in Other vicinity,Other,[Inferred] Islamic,[Inferred] Muslim,[Inferred] Bahasa Malaysia,[Inferred] Small,RM [Inferred] - RM [Inferred],No address provided,2026-04-02 14:15:19
Mighty Minds Childcare,Mighty Minds Childcare,[Inferred Landmark] Operates in Other vicinity,Other,[Inferred] Islamic,[Inferred] Islamic,[Inferred] Bahasa Malaysia,[Inferred] Small,RM 500 - RM 800 [Inferred],No address provided,2026-04-02 14:15:26
Little Caliphs Playschool Taska,Little Caliphs Playschool Taska,[Inferred Landmark] Operates in Other vicinity,Other,[Inferred] Islamic,[Inferred] Islamic,[Inferred] Bahasa Malaysia,[Inferred] Small,RM 500 - RM 800 [Inferred],No address provided,2026-04-02 14:15:32
Tadika Damai Perdana,Tadika Damai Perdana,[Inferred Landmark] Operates in Other vicinity,Other,[Inferred] Islamic,[Inferred] Muslim-centric,[Inferred] Bahasa Malaysia,[Inferred] Small,RM 500 - RM 800 [Inferred] (Denai Alam zone suggests moderate fees),No address provided,2026-04-02 14:15:39
Tadika Kidz Palace,Tadika Kidz Palace,[Inferred Landmark] Operates in Other vicinity,Other,[Inferred] Islamic,[Inferred] Islamic,[Inferred] Bahasa Malaysia,[Inferred] Small,RM 500 - RM 800 [Inferred],No address provided,2026-04-02 14:15:47
Bright Kids Kindergarten,Bright Kids Kindergarten,[Inferred Landmark] Operates in Other vicinity,Other,[Inferred] Islamic,[Inferred] Islamic,[Inferred] Bahasa Malaysia,[Inferred] Small,RM 500 - RM 800 [Inferred],No address provided,2026-04-02 14:15:54
Tadika Rafflesia Ismart U16,Tadika Rafflesia Ismart U16,[Inferred Landmark] Operates in Other vicinity,Other,[Inferred] Islamic,[Inferred] Islamic,[Inferred] Bahasa Malaysia,[Inferred] Small,RM 150 - RM 250 [Inferred],No address provided,2026-04-02 14:16:00
Hi Flyers Childcare,Hi Flyers Childcare,[Inferred Landmark] Operates in Other vicinity,Other,[Inferred] Islamic,[Inferred] Islamic,[Inferred] Bahasa Malaysia,[Inferred] Small,RM 500 - RM 800 [Inferred],No address provided,2026-04-02 14:16:08
Tadika Cari Seni,Tadika Cari Seni,[Inferred Landmark] Operates in Other vicinity,Other,[Inferred] Islamic,[Inferred] Islamic,[Inferred] Bahasa Malaysia,[Inferred] Small,RM 500 - RM 800 [Inferred] (Denai Alam zone is known for smaller centers),No address provided,2026-04-02 14:16:15
Taska & Pusat Jagaan Permata Iq,Taska & Pusat Jagaan Permata Iq,[Inferred Landmark] Operates in Other vicinity,Other,[Inferred] Islamic,[Inferred] Islamic,[Inferred] Bahasa Malaysia,[Inferred] Small,[Inferred] RM 150 - RM 250 per month,No address provided,2026-04-02 14:16:23
Anak2U,Anak2U,[Inferred Landmark] Operates in Other vicinity,Other,[Inferred] Islamic,[Inferred] Muslim-centric,[Inferred] Bahasa Malaysia,[Inferred] Small,[Inferred] RM 150 - RM 250 per month,No address provided,2026-04-02 14:16:29
Little Bear Preschool,Little Bear Preschool,[Inferred Landmark] Operates in Other vicinity,Other,[Inferred] Islamic,[Inferred] Islamic,[Inferred] Bahasa Malaysia,[Inferred] Small,RM 500 - RM 800 [Inferred],No address provided,2026-04-02 14:16:37
Pusat Jagaan Funkids,Pusat Jagaan Funkids,[Inferred Landmark] Operates in Other vicinity,Other,[Inferred] Islamic,[Inferred] Islamic,[Inferred] Bahasa Malaysia,[Inferred] Small,RM 500 - RM 800 [Inferred],No address provided,2026-04-02 14:16:45
Al-Kasa Educate Centre,Al-Kasa Educate Centre,[Inferred Landmark] Operates in Other vicinity,Other,[Inferred] Islamic,[Inferred] Islamic,[Inferred] Bahasa Malaysia,[Inferred] Small,RM 500 - RM 800 [Inferred],No address provided,2026-04-02 14:16:54
Dwi Emas International School (Early Years),Dwi Emas International School (Early Years),[Inferred Landmark] Operates in Other vicinity,Other,[Inferred] Islamic,[Inferred] Islamic,[Inferred] Bahasa Malaysia,[Inferred] Small,"RM 500 - RM 800 [Inferred] (Zone: Seksyen U8 Shah Alam, Center Type: International School)",No address provided,2026-04-02 14:17:03
- Tadika Arif Minda,- Tadika Arif Minda,[Inferred Landmark] Operates in Other vicinity,Other,[Inferred] Islamic,[Inferred] Islamic,[Inferred] Bahasa Malaysia,[Inferred] Small,RM 150 - RM 250 [Inferred],No address provided,2026-04-02 14:17:11
Tadika Arif Minda,Tadika Arif Minda,[Inferred Landmark] Operates in Other vicinity,Other,[Inferred] Islamic,[Inferred] Muslim-centric,[Inferred] Bahasa Malaysia,[Inferred] Small,"RM 500 - RM 800 [Inferred] (Zone U8 Shah Alam, Center Type: Tadika)",No address provided,2026-04-02 14:17:19
Love & Laugh Infant Care And Preschool (),Love & Laugh Infant Care And Preschool (),[Inferred Landmark] Operates in Other vicinity,Other,[Inferred] Islamic,[Inferred] Islamic,[Inferred] Bahasa Malaysia,[Inferred] Small,"RM 800 - RM 1,200 [Inferred]",No address provided,2026-04-02 14:17:27
Tadika Kinderland,Tadika Kinderland,[Inferred Landmark] Operates in Other vicinity,Other,[Inferred] Islamic,[Inferred] Islamic,[Inferred] Bahasa Malaysia,[Inferred] Small,RM 500 - RM 800 [Inferred],No address provided,2026-04-02 14:17:34
Kinderland @ Tadika,Kinderland @ Tadika,[Inferred Landmark] Operates in Other vicinity,Other,[Inferred] Montessori,[Inferred] Islamic,[Inferred] Bahasa Malaysia,[Inferred] Small,"[Inferred] RM 800 - RM 1,200",No address provided,2026-04-02 14:17:41
Islamic Preschool & Playschool,Islamic Preschool & Playschool,[Inferred Landmark] Operates in Other vicinity,Other,[Inferred] Islamic Preschool & Playschool suggests an Islamic curriculum type.,[Inferred] The name 'Islamic' strongly indicates a religious orientation towards Islam.,"[Inferred] Given the Malaysian context, it is likely that Bahasa Malaysia is the primary language medium.",[Inferred] Denai Alam (U16) zone suggests a Medium scale center.,[Inferred] $150-$300 per month for a full-day program in a Medium-scale Islamic Preschool & Playschool in Denai Alam.,No address provided,2026-04-02 14:17:50
Kinderland,Kinderland,[Inferred Landmark] Operates in Other vicinity,Other,[Inferred] Islamic,[Inferred] Islamic,[Inferred] Bahasa Malaysia,[Inferred] Small,RM 500 - RM 800 [Inferred],No address provided,2026-04-02 14:17:59
Real Kids 2,Real Kids 2,[Inferred Landmark] Operates in Other vicinity,Other,[Inferred] Islamic,[Inferred] Islamic,[Inferred] Bahasa Malaysia,[Inferred] Small,[Inferred] RM 150 - RM 250 per month,No address provided,2026-04-02 14:18:07
Tiny Tree House Preschool,Tiny Tree House Preschool,[Inferred Landmark] Operates in Other vicinity,Other,[Inferred] Islamic,[Inferred] Islamic,[Inferred] Bahasa Malaysia,[Inferred] Small,RM 500 - RM 800 [Inferred],No address provided,2026-04-02 14:18:14
Puncak Alam Kindergarten,Puncak Alam Kindergarten,[Inferred Landmark] Operates in Other vicinity,Other,[Inferred] Islamic,[Inferred] Islamic,[Inferred] Bahasa Malaysia,[Inferred] Small,RM 500 - RM 800 [Inferred],No address provided,2026-04-02 14:18:22
Tadika Kinderhive Green,Tadika Kinderhive Green,[Inferred Landmark] Operates in Other vicinity,Other,[Inferred] Montessori,[Inferred] Islamic,[Inferred] Bahasa Malaysia,[Inferred] Small,"[Inferred] RM 800 - RM 1,200",No address provided,2026-04-02 14:18:29
Q-Dees West,Q-Dees West,[Inferred Landmark] Operates in Other vicinity,Other,[Inferred] Islamic,[Inferred] Islamic,[Inferred] Bahasa Malaysia,[Inferred] Small,RM 500 - RM 800 [Inferred],No address provided,2026-04-02 14:18:37
Bright Kids,Bright Kids,[Inferred Landmark] Operates in Other vicinity,Other,[Inferred] Islamic,[Inferred] Islamic,[Inferred] Bahasa Malaysia,[Inferred] Small,RM 500 - RM 800 [Inferred],No address provided,2026-04-02 14:18:44
Tadika Bir Ali,Tadika Bir Ali,[Inferred Landmark] Operates in Other vicinity,Other,[Inferred] Islamic,[Inferred] Muslim,[Inferred] Bahasa Malaysia,[Inferred] Small,"RM 500 - RM 800 [Inferred] (City of Elmina is a smaller city, and Tadika Bir Ali has an Islamic name which suggests it may be a small center)",No address provided,2026-04-02 14:18:51
Tadika Brainy Bunch,Tadika Brainy Bunch,[Inferred Landmark] Operates in Other vicinity,Other,[Inferred] Islamic,[Inferred] Islamic,[Inferred] Bahasa Malaysia,[Inferred] Small,RM 500 - RM 800 [Inferred],No address provided,2026-04-02 14:18:59
Tadika Qalifa,Tadika Qalifa,[Inferred Landmark] Operates in Other vicinity,Other,[Inferred] Islamic,[Inferred] Islamic,[Inferred] Bahasa Malaysia,[Inferred] Small,RM 500 - RM 800 [Inferred],No address provided,2026-04-02 14:19:06
Tadika MRC,Tadika MRC,[Inferred Landmark] Operates in Other vicinity,Other,[Inferred] Islamic,[Inferred] Islamic,[Inferred] Bahasa Malaysia,[Inferred] Small,"RM 500 - RM 800 [Inferred] (City of Elmina is a smaller city, hence lower fees)",No address provided,2026-04-02 14:19:13
Tadika Generasi Genius  Garden -  East,Tadika Generasi Genius  Garden -  East,[Inferred Landmark] Operates in Other vicinity,Other,[Inferred] Islamic,[Inferred] Islamic,[Inferred] Bahasa Malaysia,[Inferred] Small,RM 500 - RM 800 [Inferred] (assuming lower end of medium scale centers in City of Elmina),No address provided,2026-04-02 14:19:20
The Sunnah Preschool,The Sunnah Preschool,[Inferred Landmark] Operates in Other vicinity,Other,[Inferred] Islamic,[Inferred] Islamic,[Inferred] Bahasa Malaysia,[Inferred] Small,RM 500 - RM 800 [Inferred],No address provided,2026-04-02 14:19:31
Cleverland Playschool,Cleverland Playschool,[Inferred Landmark] Operates in Other vicinity,Other,[Inferred] Islamic,[Inferred] Islamic,[Inferred] Bahasa Malaysia,[Inferred] Small,RM 500 - RM 800 [Inferred],No address provided,2026-04-02 14:19:39
Tasti Little Daie Child Care Centre,Tasti Little Daie Child Care Centre,[Inferred Landmark] Operates in Other vicinity,Other,[Inferred] Islamic,[Inferred] Islamic,[Inferred] Bahasa Malaysia,[Inferred] Small,RM 500 - RM 800 [Inferred],No address provided,2026-04-02 14:19:46
Glenpark Kids Academy,Glenpark Kids Academy,[Inferred Landmark] Operates in Other vicinity,Other,[Inferred] Islamic,[Inferred] Islamic,[Inferred] Bahasa Malaysia,[Inferred] Small,RM 500 - RM 800 [Inferred],No address provided,2026-04-02 14:19:53
Al Baghdadi Playtime Centre Alamesra,Al Baghdadi Playtime Centre Alamesra,[Inferred Landmark] Operates in Other vicinity,Other,[Inferred] Islamic,[Inferred] Islamic,[Inferred] Bahasa Malaysia,[Inferred] Small,RM 500 - RM 800 [Inferred],No address provided,2026-04-02 14:20:00
Taska Glenpark Kids Academy,Taska Glenpark Kids Academy,[Inferred Landmark] Operates in Other vicinity,Other,[Inferred] Islamic,[Inferred] Islamic,[Inferred] Bahasa Malaysia,[Inferred] Small,RM 500 - RM 800 [Inferred],No address provided,2026-04-02 14:20:07
Tadika Uiam Gombak,Tadika Uiam Gombak,[Inferred Landmark] Operates in Other vicinity,Other,[Inferred] Islamic,[Inferred] Muslim,[Inferred] Bahasa Malaysia,[Inferred] Small,RM 500 - RM 800 [Inferred],No address provided,2026-04-02 14:20:14
Pusat Jagaan Manja,Pusat Jagaan Manja,[Inferred Landmark] Operates in Other vicinity,Other,[Inferred] Islamic,[Inferred] Muslim,[Inferred] Bahasa Malaysia,[Inferred] Small,RM 500 - RM 800 [Inferred],No address provided,2026-04-02 14:20:22
Pusat Jagaan Nurul Jannah,Pusat Jagaan Nurul Jannah,[Inferred Landmark] Operates in Other vicinity,Other,[Inferred] Islamic,[Inferred] Islamic,[Inferred] Bahasa Malaysia,[Inferred] Small,[Inferred] RM 150 - RM 300 per month,No address provided,2026-04-02 14:20:30
Tadika Caliphs Heroes,Tadika Caliphs Heroes,[Inferred Landmark] Operates in Other vicinity,Other,[Inferred] Islamic,[Inferred] Islamic,[Inferred] Bahasa Malaysia,[Inferred] Small,RM 150 - RM 250 [Inferred],No address provided,2026-04-02 14:20:36
Taska Adik Genius,Taska Adik Genius,[Inferred Landmark] Operates in Other vicinity,Other,[Inferred] Islamic,[Inferred] Muslim,[Inferred] Bahasa Malaysia,[Inferred] Small,RM 150 - RM 250 [Inferred],No address provided,2026-04-02 14:20:43
Kindergarten,Kindergarten,[Inferred Landmark] Operates in Other vicinity,Other,[Inferred] Islamic,[Inferred] Islamic,[Inferred] Bahasa Malaysia,[Inferred] Small,RM 500 - RM 800 [Inferred],No address provided,2026-04-02 14:20:50
Madeleine Kindergarten,Madeleine Kindergarten,[Inferred Landmark] Operates in Other vicinity,Other,[Inferred] Islamic,[Inferred] Islamic,[Inferred] Bahasa Malaysia,[Inferred] Small,RM 500 - RM 800 [Inferred],No address provided,2026-04-02 14:20:59
Kinderland Preschool,Kinderland Preschool,[Inferred Landmark] Operates in Other vicinity,Other,[Inferred] Islamic,[Inferred] Islamic,[Inferred] Bahasa Malaysia,[Inferred] Small,RM 500 - RM 800 [Inferred],No address provided,2026-04-02 14:21:07
Taska Saujana Bistari,Taska Saujana Bistari,[Inferred Landmark] Operates in Other vicinity,Other,[Inferred] Islamic,[Inferred] Muslim-centric,[Inferred] Bahasa Malaysia,[Inferred] Small,[Inferred] RM 500 - RM 800 per month,No address provided,2026-04-02 14:21:15
Al-Kauthar Eduqids Saujana Utama,Al-Kauthar Eduqids Saujana Utama,[Inferred Landmark] Operates in Other vicinity,Other,[Inferred] Islamic,[Inferred] Islamic,[Inferred] Bahasa Malaysia,[Inferred] Medium,RM 500 - RM 800 [Inferred],No address provided,2026-04-02 14:21:23
The Sunnah Preschool English,The Sunnah Preschool English,[Inferred Landmark] Operates in Other vicinity,Other,[Inferred] Islamic,[Inferred] Islamic,[Inferred] English,[Inferred] Small,[Inferred] RM 500 - RM 800 per month,No address provided,2026-04-02 14:21:30
Tadika Cleverland,Tadika Cleverland,[Inferred Landmark] Operates in Other vicinity,Other,[Inferred] Montessori,[Inferred] Islamic,[Inferred] Bahasa Malaysia,[Inferred] Small,[Inferred] RM 500 - RM 800 per month,No address provided,2026-04-02 14:21:38
Cleverland Playschool Saujana Utama,Cleverland Playschool Saujana Utama,[Inferred Landmark] Operates in Other vicinity,Other,[Inferred] Islamic,[Inferred] Muslim-centric,[Inferred] Bahasa Malaysia,[Inferred] Small,RM 500-RM 800 [Inferred] (Saujana Utama zone suggests a smaller center with moderate fees),No address provided,2026-04-02 14:21:49
Smart Reader Kids,Smart Reader Kids,[Inferred Landmark] Operates in Other vicinity,Other,[Inferred] Islamic,[Inferred] Islamic,[Inferred] Bahasa Malaysia,[Inferred] Small,RM 500 - RM 800 [Inferred],No address provided,2026-04-02 14:21:57
Peekaboo Child Care Centre Sdn. Bhd.,Peekaboo Child Care Centre Sdn. Bhd.,[Inferred Landmark] Operates in Other vicinity,Other,[Inferred] Islamic,[Inferred] Islamic,[Inferred] Bahasa Malaysia,[Inferred] Small,RM 500 - RM 800 [Inferred],No address provided,2026-04-02 14:22:04
Little Caliphs,Little Caliphs,[Inferred Landmark] Operates in Other vicinity,Other,[Inferred] Islamic,[Inferred] Islamic,[Inferred] Bahasa Malaysia,[Inferred] Small,[Inferred] RM 500 - RM 800 per month,No address provided,2026-04-02 14:22:13
Smart Childcare Centre Saujana Damansara,Smart Childcare Centre Saujana Damansara,[Inferred Landmark] Operates in Other vicinity,Other,[Inferred] Islamic,[Inferred] Muslim,[Inferred] Bahasa Malaysia,[Inferred] Small,RM 500 - RM 800 [Inferred],No address provided,2026-04-02 14:22:21
Pusat Jagaan Saujana Permai,Pusat Jagaan Saujana Permai,[Inferred Landmark] Operates in Other vicinity,Other,[Inferred] Islamic,[Inferred] Muslim-majority,[Inferred] Bahasa Malaysia,[Inferred] Small,[Inferred] RM 500 - RM 800 per month,No address provided,2026-04-02 14:22:30
Q-Dees,Q-Dees,[Inferred Landmark] Operates in Other vicinity,Other,[Inferred] Islamic,[Inferred] Islamic,[Inferred] Bahasa Malaysia,[Inferred] Small,RM 500 - RM 800 [Inferred],No address provided,2026-04-02 14:22:39
Pusat Jagaan Kanak,Pusat Jagaan Kanak,[Inferred Landmark] Operates in Other vicinity,Other,[Inferred] Islamic,[Inferred] Islamic,[Inferred] Bahasa Malaysia,[Inferred] Small,[Inferred] RM 500 - RM 800 per month,No address provided,2026-04-02 14:22:46
Tadika Dzul Iman Smart Khalifah,Tadika Dzul Iman Smart Khalifah,[Inferred Landmark] Operates in Other vicinity,Other,[Inferred] Islamic,[Inferred] Islamic,[Inferred] Bahasa Malaysia,[Inferred] Small,[Inferred] RM 150 - RM 250 per month,No address provided,2026-04-02 14:22:54
Tadika Genius Ilmu Bestari Cawangan Saujana Utama 1,Tadika Genius Ilmu Bestari Cawangan Saujana Utama 1,[Inferred Landmark] Operates in Other vicinity,Other,[Inferred] Islamic,[Inferred] Islamic,[Inferred] Bahasa Malaysia,[Inferred] Medium,RM 500 - RM 800 [Inferred],No address provided,2026-04-02 14:23:02
Tadika Pendidikan Anugerah,Tadika Pendidikan Anugerah,[Inferred Landmark] Operates in Other vicinity,Other,[Inferred] Islamic,[Inferred] Islamic,[Inferred] Bahasa Malaysia,[Inferred] Small,RM 500 - RM 800 [Inferred],No address provided,2026-04-02 14:23:10
Koolkidz,Koolkidz,[Inferred Landmark] Operates in Other vicinity,Other,[Inferred] Montessori,[Inferred] Islamic,[Inferred] Bahasa Malaysia,[Inferred] Small,[Inferred] RM 500 - RM 800 per month,No address provided,2026-04-02 14:23:18
Tabika Kemas Ibnu Sina Saujana Utama Sungai Buloh,Tabika Kemas Ibnu Sina Saujana Utama Sungai Buloh,[Inferred Landmark] Operates in Other vicinity,Other,[Inferred] KEMAS,[Inferred] Islamic,[Inferred] Bahasa Malaysia,[Inferred] Medium,[Inferred] RM 500 - RM 800 per month,No address provided,2026-04-02 14:23:25
Bir Ali Saujana Utama Kindergarten,Bir Ali Saujana Utama Kindergarten,[Inferred Landmark] Operates in Other vicinity,Other,[Inferred] Islamic,[Inferred] Islamic,[Inferred] Bahasa Malaysia,[Inferred] Small,[Inferred] RM 500 - RM 800 per month,No address provided,2026-04-02 14:23:33
Tunas Bestari,Tunas Bestari,[Inferred Landmark] Operates in Other vicinity,Other,[Inferred] Islamic,[Inferred] Islamic,[Inferred] Bahasa Malaysia,[Inferred] Medium,RM 500 - RM 800 [Inferred],No address provided,2026-04-02 14:23:42
Cleverland Playschool,Cleverland Playschool,[Inferred Landmark] Operates in Other vicinity,Other,[Inferred] Islamic,[Inferred] Islamic,[Inferred] Bahasa Malaysia,[Inferred] Small,RM 500 - RM 800 [Inferred],No address provided,2026-04-02 14:23:50
Islamic Preschool & Playschool Saujana Utama,Islamic Preschool & Playschool Saujana Utama,[Inferred Landmark] Operates in Other vicinity,Other,"[Inferred] Islamic Preschool & Playschool curriculum type not specified, but likely to be Islamic-based due to center name.",[Inferred] Strongly Islamic-oriented due to center name and 'Islamic' keyword in the name.,"[Inferred] Bahasa Malaysia as primary language medium, given the Malaysian context and lack of English or bilingual indicators.","[Inferred] Small to Medium-sized center, based on the 'Saujana Utama' zone which suggests a suburban or residential area with smaller centers.","[Inferred] RM 800 - RM 1,200 per month for full-day programs, considering the Saujana Utama zone and Islamic Preschool & Playschool center type.",No address provided,2026-04-02 14:23:57
Tadika Brainy Bunch Saujana Utama,Tadika Brainy Bunch Saujana Utama,[Inferred Landmark] Operates in Other vicinity,Other,[Inferred] Islamic,[Inferred] Muslim-centric,[Inferred] Bahasa Malaysia,[Inferred] Small,RM 500 - RM 800 [Inferred] (assuming lower end of Saujana Utama zone),No address provided,2026-04-02 14:24:09
Little Smart Kids Daycare Centre,Little Smart Kids Daycare Centre,[Inferred Landmark] Operates in Other vicinity,Other,[Inferred] Islamic,[Inferred] Islamic,[Inferred] Bahasa Malaysia,[Inferred] Small,RM 500 - RM 800 [Inferred],No address provided,2026-04-02 14:24:17
Bir Ali Preschool,Bir Ali Preschool,[Inferred Landmark] Operates in Other vicinity,Other,[Inferred] Islamic,[Inferred] Islamic,[Inferred] Bahasa Malaysia,[Inferred] Small,RM 500 - RM 800 [Inferred],No address provided,2026-04-02 14:24:25
Genius Aulad,Genius Aulad,[Inferred Landmark] Operates in Other vicinity,Other,[Inferred] Islamic,[Inferred] Islamic,[Inferred] Bahasa Malaysia,[Inferred] Small,RM 500 - RM 800 [Inferred],No address provided,2026-04-02 14:24:32
Kampung Baru Kindergarten,Kampung Baru Kindergarten,[Inferred Landmark] Operates in Other vicinity,Other,[Inferred] Islamic,[Inferred] Islamic,[Inferred] Bahasa Malaysia,[Inferred] Small,RM 500 - RM 800 [Inferred],No address provided,2026-04-02 14:24:40
Keedsflix Preschool Sunway Kayangan,Keedsflix Preschool Sunway Kayangan,[Inferred Landmark] Operates in Other vicinity,Other,[Inferred] Islamic,[Inferred] Islamic,[Inferred] Bahasa Malaysia,[Inferred] Small,"RM 800 - RM 1,200 [Inferred]",No address provided,2026-04-02 14:24:46
Tadika Utama,Tadika Utama,[Inferred Landmark] Operates in Other vicinity,Other,[Inferred] Islamic,[Inferred] Islamic,[Inferred] Bahasa Malaysia,[Inferred] Small,RM 500 - RM 800 [Inferred],No address provided,2026-04-02 14:24:54
Pusat Jagaan Kanak-Kanak,Pusat Jagaan Kanak-Kanak,[Inferred Landmark] Operates in Other vicinity,Other,[Inferred] Islamic,[Inferred] Muslim-centric,[Inferred] Bahasa Malaysia,[Inferred] Small,RM 500 - RM 800 [Inferred] (assuming lower end of Kayangan Heights zone),No address provided,2026-04-02 14:25:01
Pusat Penjagaan Kanak-Kanak Dan Tadika,Pusat Penjagaan Kanak-Kanak Dan Tadika,[Inferred Landmark] Operates in Other vicinity,Other,[Inferred] Islamic,[Inferred] Muslim,[Inferred] Bahasa Malaysia,[Inferred] Small,RM 500 - RM 800 [Inferred] (assuming lower end of Kayangan Heights zone),No address provided,2026-04-02 14:25:10
Pusat Jagaan Kanak Kanak Tunas Minda,Pusat Jagaan Kanak Kanak Tunas Minda,[Inferred Landmark] Operates in Other vicinity,Other,[Inferred] Islamic,[Inferred] Islamic,[Inferred] Bahasa Malaysia,[Inferred] Small,RM 500 - RM 800 [Inferred] (assuming low to medium range fees for a small center in Kayangan Heights),No address provided,2026-04-02 14:25:19
Pusat Jagaan & Didikan Kanak-Kanak Bidadari,Pusat Jagaan & Didikan Kanak-Kanak Bidadari,[Inferred Landmark] Operates in Other vicinity,Other,[Inferred] Islamic,[Inferred] Islamic,[Inferred] Bahasa Malaysia,[Inferred] Small,RM 500 - RM 800 [Inferred],No address provided,2026-04-02 14:25:28
Pusat Jagaan Mentari Comel,Pusat Jagaan Mentari Comel,[Inferred Landmark] Operates in Other vicinity,Other,[Inferred] Islamic,[Inferred] Islamic,[Inferred] Bahasa Malaysia,[Inferred] Small,RM 500 - RM 800 [Inferred],No address provided,2026-04-02 14:25:36
Tadika Kayangan Heights,Tadika Kayangan Heights,[Inferred Landmark] Operates in Other vicinity,Other,[Inferred] Islamic,[Inferred] Muslim,[Inferred] Bahasa Malaysia,[Inferred] Small,RM 500 - RM 800 [Inferred],No address provided,2026-04-02 14:25:47
Roots & Wings Montessori Preschool,Roots & Wings Montessori Preschool,[Inferred Landmark] Operates in Other vicinity,Other,[Inferred] Montessori,[Inferred] Islamic,[Inferred] English,[Inferred] Small,"[Inferred] RM 800 - RM 1,200 per month",No address provided,2026-04-02 14:25:54
Sri Kayangan Montessori,Sri Kayangan Montessori,[Inferred Landmark] Operates in Other vicinity,Other,[Inferred] Montessori,[Inferred] Islamic,[Inferred] Bahasa Malaysia,[Inferred] Small,"[Inferred] RM 800 - RM 1,200",No address provided,2026-04-02 14:26:04
Tadika Putra Heights,Tadika Putra Heights,[Inferred Landmark] Operates in Other vicinity,Other,[Inferred] Islamic,[Inferred] Muslim,[Inferred] Bahasa Malaysia,[Inferred] Small,RM 500 - RM 800 [Inferred],No address provided,2026-04-02 14:26:11
Roots And Wings Montessori Preschool,Roots And Wings Montessori Preschool,[Inferred Landmark] Operates in Other vicinity,Other,[Inferred] Montessori,[Inferred] Islamic,[Inferred] English,[Inferred] Small,"[Inferred] RM 800 - RM 1,200 per month",No address provided,2026-04-02 14:26:18
Small Wonder Preschool,Small Wonder Preschool,[Inferred Landmark] Operates in Other vicinity,Other,[Inferred] Islamic,[Inferred] Islamic,[Inferred] Bahasa Malaysia,[Inferred] Small,[Inferred] RM 500 - RM 800 per month,No address provided,2026-04-02 14:26:26
Tadika Toddler Town,Tadika Toddler Town,[Inferred Landmark] Operates in Other vicinity,Other,[Inferred] Islamic,[Inferred] Islamic,[Inferred] Bahasa Malaysia,[Inferred] Small,"RM 800 - RM 1,200 [Inferred]",No address provided,2026-04-02 14:26:34
Tadika Si Cahaya Kota Kemuning- Sunshine Kids Playhouse,Tadika Si Cahaya Kota Kemuning- Sunshine Kids Playhouse,[Inferred Landmark] Operates in Other vicinity,Other,[Inferred] Islamic,[Inferred] Islamic,[Inferred] Bahasa Malaysia,[Inferred] Small,RM 500 - RM 800 [Inferred],No address provided,2026-04-02 14:26:42
Tadika Cahaya Bestari,Tadika Cahaya Bestari,[Inferred Landmark] Operates in Other vicinity,Other,[Inferred] Islamic,[Inferred] Islamic,[Inferred] Bahasa Malaysia,[Inferred] Small,[Inferred] RM 150 - RM 250 per month,No address provided,2026-04-02 14:26:49
Tadika Cahaya Khalifah,Tadika Cahaya Khalifah,[Inferred Landmark] Operates in Other vicinity,Other,[Inferred] Islamic,[Inferred] Islamic,[Inferred] Bahasa Malaysia,[Inferred] Small,RM 500 - RM 800 [Inferred],No address provided,2026-04-02 14:26:59
Tadika Cahaya Sdn Bhd,Tadika Cahaya Sdn Bhd,[Inferred Landmark] Operates in Other vicinity,Other,[Inferred] Islamic,[Inferred] Islamic,[Inferred] Bahasa Malaysia,[Inferred] Small,RM 500 - RM 800 [Inferred],No address provided,2026-04-02 14:27:10
Tadika Seri Cahaya,Tadika Seri Cahaya,[Inferred Landmark] Operates in Other vicinity,Other,[Inferred] Islamic,[Inferred] Muslim,[Inferred] Bahasa Malaysia,[Inferred] Small,RM 500 - RM 800 [Inferred],No address provided,2026-04-02 14:27:19
Real Kids Plus,Real Kids Plus,[Inferred Landmark] Operates in Other vicinity,Other,[Inferred] Islamic,[Inferred] Islamic,[Inferred] Bahasa Malaysia,[Inferred] Small,RM 500 - RM 800 [Inferred],No address provided,2026-04-02 14:27:29
Tadika Cahaya SPK,Tadika Cahaya SPK,[Inferred Landmark] Operates in Other vicinity,Other,[Inferred] Islamic,[Inferred] Islamic,[Inferred] Bahasa Malaysia,[Inferred] Small,[Inferred] RM 150 - RM 300 per month,No address provided,2026-04-02 14:27:37
Tadika Smart Reader Kids,Tadika Smart Reader Kids,[Inferred Landmark] Operates in Other vicinity,Other,[Inferred] Islamic,[Inferred] Islamic,[Inferred] Bahasa Malaysia,[Inferred] Small,RM 500 - RM 800 [Inferred],No address provided,2026-04-02 14:27:47
Tadika Cahaya,Tadika Cahaya,[Inferred Landmark] Operates in Other vicinity,Other,[Inferred] Islamic,[Inferred] Islamic,[Inferred] Bahasa Malaysia,[Inferred] Small,RM 500 - RM 800 [Inferred],No address provided,2026-04-02 14:27:55
Brilliant Buds Edukids Alam Suria,Brilliant Buds Edukids Alam Suria,[Inferred Landmark] Operates in Other vicinity,Other,[Inferred] Islamic,[Inferred] Islamic,[Inferred] Bahasa Malaysia,[Inferred] Small,[Inferred] RM 500 - RM 800 per month,No address provided,2026-04-02 14:28:03
Tadika Cahaya SPK U9,Tadika Cahaya SPK U9,[Inferred Landmark] Operates in Other vicinity,Other,[Inferred] Islamic,[Inferred] Islamic,[Inferred] Bahasa Malaysia,[Inferred] Small,RM 500 - RM 800 [Inferred],No address provided,2026-04-02 14:28:11
Tadika Cahaya SPK,Tadika Cahaya SPK,[Inferred Landmark] Operates in Other vicinity,Other,[Inferred] Islamic,[Inferred] Islamic,[Inferred] Bahasa Malaysia,[Inferred] Small,RM 500 - RM 800 [Inferred],No address provided,2026-04-02 14:28:19
Tadika,Tadika,[Inferred Landmark] Operates in Other vicinity,Other,[Inferred] Islamic,[Inferred] Islamic,[Inferred] Bahasa Malaysia,[Inferred] Small,RM 500 - RM 800 [Inferred],No address provided,2026-04-02 14:28:27
Tadika Alam Cahaya,Tadika Alam Cahaya,[Inferred Landmark] Operates in Other vicinity,Other,[Inferred] Islamic,[Inferred] Islamic,[Inferred] Bahasa Malaysia,[Inferred] Small,RM 500 - RM 800 [Inferred],No address provided,2026-04-02 14:28:34
Tadika Si Cahaya Sunshine Kids Playhouse Preschool,Tadika Si Cahaya Sunshine Kids Playhouse Preschool,[Inferred Landmark] Operates in Other vicinity,Other,[Inferred] Islamic,[Inferred] Islamic,[Inferred] Bahasa Malaysia,[Inferred] Small,RM 500 - RM 800 [Inferred],No address provided,2026-04-02 14:28:45
Tadika Ilmuwan Kecil,Tadika Ilmuwan Kecil,[Inferred Landmark] Operates in Other vicinity,Other,[Inferred] Islamic,[Inferred] Islamic,[Inferred] Bahasa Malaysia,[Inferred] Small,[Inferred] RM 150 - RM 250 per month,No address provided,2026-04-02 14:28:54
Redboot Preschool,Redboot Preschool,[Inferred Landmark] Operates in Other vicinity,Other,[Inferred] Islamic,[Inferred] Islamic,[Inferred] Bahasa Malaysia,[Inferred] Small,RM 500 - RM 800 [Inferred],No address provided,2026-04-02 14:29:03
Tadika Anak Seri Cahaya,Tadika Anak Seri Cahaya,[Inferred Landmark] Operates in Other vicinity,Other,[Inferred] Islamic,[Inferred] Islamic,[Inferred] Bahasa Malaysia,[Inferred] Small,RM 500 - RM 800 [Inferred],No address provided,2026-04-02 14:29:11
Tadika Mummy Child Care Centre,Tadika Mummy Child Care Centre,[Inferred Landmark] Operates in Other vicinity,Other,[Inferred] Islamic,[Inferred] Islamic,[Inferred] Bahasa Malaysia,[Inferred] Small,RM 500 - RM 800 [Inferred],No address provided,2026-04-02 14:29:20
Taska & Tadika Pac,Taska & Tadika Pac,[Inferred Landmark] Operates in Other vicinity,Other,[Inferred] Islamic,[Inferred] Islamic,[Inferred] Bahasa Malaysia,[Inferred] Small,[Inferred] RM 150 - RM 300 per month,No address provided,2026-04-02 14:29:27
Tadika Eng Ann,Tadika Eng Ann,[Inferred Landmark] Operates in Other vicinity,Other,[Inferred] Islamic,[Inferred] Muslim,[Inferred] Bahasa Malaysia,[Inferred] Small,RM 150 - RM 250 [Inferred],No address provided,2026-04-02 14:29:36
Greenview Islamic International Preschool,Greenview Islamic International Preschool,[Inferred Landmark] Operates in Other vicinity,Other,[Inferred] Islamic,[Inferred] Islamic,[Inferred] Bahasa Malaysia,[Inferred] Small,[Inferred] RM 500 - RM 800 per month,No address provided,2026-04-02 14:29:44
Pusat Jagaan Cik Iris,Pusat Jagaan Cik Iris,[Inferred Landmark] Operates in Other vicinity,Other,[Inferred] Islamic,[Inferred] Muslim-centric,[Inferred] Bahasa Malaysia,[Inferred] Small,[Inferred] RM 500 - RM 800 per month,No address provided,2026-04-02 14:29:53
Tadika Little Bunny,Tadika Little Bunny,[Inferred Landmark] Operates in Other vicinity,Other,[Inferred] Islamic,[Inferred] Muslim,[Inferred] Bahasa Malaysia,[Inferred] Small,RM 500 - RM 800 [Inferred],No address provided,2026-04-02 14:30:01
Real Kids Sdn Bhd,Real Kids Sdn Bhd,[Inferred Landmark] Operates in Other vicinity,Other,[Inferred] Islamic,[Inferred] Islamic,[Inferred] Bahasa Malaysia,[Inferred] Small,RM 500 - RM 800 [Inferred],No address provided,2026-04-02 14:30:09
Achievers Platform,Achievers Platform,[Inferred Landmark] Operates in Other vicinity,Other,[Inferred] Islamic,[Inferred] Islamic,[Inferred] Bahasa Malaysia,[Inferred] Small,RM 150 - RM 250 [Inferred],No address provided,2026-04-02 14:30:17
Tadika Literasi Junior Islamic-English Play-Based Learning,Tadika Literasi Junior Islamic-English Play-Based Learning,[Inferred Landmark] Operates in Other vicinity,Other,[Inferred] Islamic-based curriculum (Play-Based Learning),[Inferred] Strongly Islamic orientation,[Inferred] English,[Inferred] Small to Medium,"RM 800 - RM 1,200 [Inferred] (Zone U8 Shah Alam, Play-Based Learning center)",No address provided,2026-04-02 14:30:25
R.E.A.L Kids,R.E.A.L Kids,[Inferred Landmark] Operates in Other vicinity,Other,[Inferred] Islamic,[Inferred] Islamic,[Inferred] Bahasa Malaysia,[Inferred] Small,RM 500 - RM 800 [Inferred],No address provided,2026-04-02 14:30:34
Taska Fantasia Alam Nature Playschool,Taska Fantasia Alam Nature Playschool,[Inferred Landmark] Operates in Other vicinity,Other,[Inferred] Islamic,[Inferred] Islamic,[Inferred] Bahasa Malaysia,[Inferred] Small,RM 500 - RM 800 [Inferred],No address provided,2026-04-02 14:30:41
Tadika Dian Alam Impian,Tadika Dian Alam Impian,[Inferred Landmark] Operates in Other vicinity,Other,[Inferred] Islamic,[Inferred] Islamic,[Inferred] Bahasa Malaysia,[Inferred] Small,RM 150 - RM 250 [Inferred],No address provided,2026-04-02 14:30:49
The Core Learning Centre,The Core Learning Centre,[Inferred Landmark] Operates in Other vicinity,Other,[Inferred] Islamic,[Inferred] Islamic,[Inferred] Bahasa Malaysia,[Inferred] Small,[Inferred] RM 150 - RM 250 per month,No address provided,2026-04-02 14:30:56
"Little Caliphs Playschool Taska  8,","Little Caliphs Playschool Taska  8,",[Inferred Landmark] Operates in Other vicinity,Other,[Inferred] Islamic,[Inferred] Islamic,[Inferred] Bahasa Malaysia,[Inferred] Small,RM 500 - RM 800 [Inferred],No address provided,2026-04-02 14:31:04
The City Kindergarten,The City Kindergarten,[Inferred Landmark] Operates in Other vicinity,Other,[Inferred] Islamic,[Inferred] Islamic,[Inferred] Bahasa Malaysia,[Inferred] Small,RM 500 - RM 800 [Inferred],No address provided,2026-04-02 14:31:12
City Kindergarten,City Kindergarten,[Inferred Landmark] Operates in Other vicinity,Other,[Inferred] Islamic,[Inferred] Islamic,[Inferred] Bahasa Malaysia,[Inferred] Small,RM 500 - RM 800 [Inferred],No address provided,2026-04-02 14:31:22
Small Wonder Setia,Small Wonder Setia,[Inferred Landmark] Operates in Other vicinity,Other,[Inferred] Islamic,[Inferred] Muslim-centric,[Inferred] Bahasa Malaysia,[Inferred] Small,RM 500 - RM 800 [Inferred] (Setia Eco Park zone suggests a moderate fee range),No address provided,2026-04-02 14:31:32
Taska & Tadika Setia Mu,Taska & Tadika Setia Mu,[Inferred Landmark] Operates in Other vicinity,Other,[Inferred] Islamic,[Inferred] Islamic,[Inferred] Bahasa Malaysia,[Inferred] Small,RM 500 - RM 800 [Inferred],No address provided,2026-04-02 14:31:40
Tadika Montessori Pintar - Little Lamb,Tadika Montessori Pintar - Little Lamb,[Inferred Landmark] Operates in Other vicinity,Other,[Inferred] Montessori,[Inferred] Islamic,[Inferred] Bahasa Malaysia,[Inferred] Small,"RM 800 - RM 1,200 [Inferred] (Setia Eco Park zone suggests a moderate to high-end fee range)",No address provided,2026-04-02 14:31:51
Big Apple Eduworld,Big Apple Eduworld,[Inferred Landmark] Operates in Other vicinity,Other,[Inferred] Islamic,[Inferred] Islamic,[Inferred] Bahasa Malaysia,[Inferred] Medium,RM 500 - RM 800 [Inferred],No address provided,2026-04-02 14:32:02
Tenby Schools Setia,Tenby Schools Setia,[Inferred Landmark] Operates in Other vicinity,Other,[Inferred] Islamic,[Inferred] Islamic,[Inferred] Bahasa Malaysia,[Inferred] Small,"RM 1,500 - RM 2,000 [Inferred]",No address provided,2026-04-02 14:32:15
Tadika Setia,Tadika Setia,[Inferred Landmark] Operates in Other vicinity,Other,[Inferred] Islamic,[Inferred] Muslim-centric,[Inferred] Bahasa Malaysia,[Inferred] Small,RM 500-RM 800 [Inferred] per month (based on Setia Eco Park zone),No address provided,2026-04-02 14:32:24
Treehouse Playschool & Kindergarten,Treehouse Playschool & Kindergarten,[Inferred Landmark] Operates in Other vicinity,Other,[Inferred] Islamic,[Inferred] Islamic,[Inferred] Bahasa Malaysia,[Inferred] Small,"RM 800 - RM 1,200 [Inferred]",No address provided,2026-04-02 14:32:34
Knowledge Tree Montessori Kindergarten,Knowledge Tree Montessori Kindergarten,[Inferred Landmark] Operates in Other vicinity,Other,[Inferred] Montessori,[Inferred] Islamic,[Inferred] English,[Inferred] Small,"[Inferred] RM 800 - RM 1,200 per month",No address provided,2026-04-02 14:32:43
Rauf International Preschool,Rauf International Preschool,[Inferred Landmark] Operates in Other vicinity,Other,[Inferred] Islamic,[Inferred] Islamic,[Inferred] Bahasa Malaysia,[Inferred] Small,RM 500 - RM 800 [Inferred],No address provided,2026-04-02 14:32:52
Knowledge Tree Montessori Preschool,Knowledge Tree Montessori Preschool,[Inferred Landmark] Operates in Other vicinity,Other,[Inferred] Montessori,[Inferred] Islamic,[Inferred] English,[Inferred] Small,"[Inferred] RM 800 - RM 1,200 per month",No address provided,2026-04-02 14:33:01
Wynkids Preschool,Wynkids Preschool,[Inferred Landmark] Operates in Other vicinity,Other,[Inferred] Islamic,[Inferred] Islamic,[Inferred] Bahasa Malaysia,[Inferred] Small,RM 500 - RM 800 [Inferred],No address provided,2026-04-02 14:33:16
Tadika Masa Kita,Tadika Masa Kita,[Inferred Landmark] Operates in Other vicinity,Other,[Inferred] Islamic,[Inferred] Islamic,[Inferred] Bahasa Malaysia,[Inferred] Small,RM 500 - RM 800 [Inferred],No address provided,2026-04-02 14:33:23
Tadika Choo Choo,Tadika Choo Choo,[Inferred Landmark] Operates in Other vicinity,Other,[Inferred] Islamic,[Inferred] Muslim-centric,[Inferred] Bahasa Malaysia,[Inferred] Small,RM 500 - RM 800 [Inferred] (Setia Avenue is known for having smaller ECE centers),No address provided,2026-04-02 14:33:30
Avenue Kids Club,Avenue Kids Club,[Inferred Landmark] Operates in Other vicinity,Other,[Inferred] Islamic,[Inferred] Islamic,[Inferred] Bahasa Malaysia,[Inferred] Small,RM 500 - RM 800 [Inferred],No address provided,2026-04-02 14:33:38
Tadika Choo Choo Train,Tadika Choo Choo Train,[Inferred Landmark] Operates in Other vicinity,Other,[Inferred] Islamic,[Inferred] Muslim-centric,[Inferred] Bahasa Malaysia,[Inferred] Small,RM 500-RM 800 [Inferred] per month (Setia Avenue zone suggests moderate fees),No address provided,2026-04-02 14:33:46
Tadika Ake,Tadika Ake,[Inferred Landmark] Operates in Other vicinity,Other,[Inferred] Islamic,[Inferred] Islamic,[Inferred] Bahasa Malaysia,[Inferred] Small,RM 500 - RM 800 [Inferred],No address provided,2026-04-02 14:33:54
Choo Choo Train Child Care & Kindergarten,Choo Choo Train Child Care & Kindergarten,[Inferred Landmark] Operates in Other vicinity,Other,[Inferred] Islamic,[Inferred] Muslim,[Inferred] Bahasa Malaysia,[Inferred] Small,RM 500 - RM 800 [Inferred],No address provided,2026-04-02 14:34:01
Tadika Mentari Ceria,Tadika Mentari Ceria,[Inferred Landmark] Operates in Other vicinity,Other,[Inferred] Islamic,[Inferred] Islamic,[Inferred] Bahasa Malaysia,[Inferred] Small,RM 500 - RM 800 [Inferred],No address provided,2026-04-02 14:34:11
Mindchamps Preschool,Mindchamps Preschool,[Inferred Landmark] Operates in Other vicinity,Other,[Inferred] Islamic,[Inferred] Islamic,[Inferred] Bahasa Malaysia,[Inferred] Small,RM 500 - RM 800 [Inferred],No address provided,2026-04-02 14:34:19
Tadika Junior Kanggaru,Tadika Junior Kanggaru,[Inferred Landmark] Operates in Other vicinity,Other,[Inferred] Islamic,[Inferred] Muslim,[Inferred] Bahasa Malaysia,[Inferred] Small,RM 500 - RM 800 [Inferred],No address provided,2026-04-02 14:34:28
Tadika Genius Kids' Land,Tadika Genius Kids' Land,[Inferred Landmark] Operates in Other vicinity,Other,[Inferred] Islamic,[Inferred] Islamic,[Inferred] Bahasa Malaysia,[Inferred] Small,"RM 800 - RM 1,200 [Inferred]",No address provided,2026-04-02 14:34:36
Choo Choo Train Arts-Enhanced Kindergarten,Choo Choo Train Arts-Enhanced Kindergarten,[Inferred Landmark] Operates in Other vicinity,Other,[Inferred] Islamic,[Inferred] Islamic,[Inferred] Bahasa Malaysia,[Inferred] Small,"RM 800 - RM 1,200 [Inferred]",No address provided,2026-04-02 14:34:52
